{
  "project_info": {
    "project_number": "404315775717",
    "firebase_url": "https://nearbuy-39e84-default-rtdb.firebaseio.com",
    "project_id": "nearbuy-39e84",
    "storage_bucket": "nearbuy-39e84.appspot.com"
  },
  "client": [
    {
      "client_info": {
        "mobilesdk_app_id": "1:404315775717:android:9e573218f1f02587596a0c",
        "android_client_info": {
          "package_name": "com.emst.cours.NearbuyAdmin"
        }
      },
      "oauth_client": [
        {
          "client_id": "404315775717-l9bjjh1fjo9ojluv9kift77j11lh304f.apps.googleusercontent.com",
          "client_type": 3
        }
      ],
      "api_key": [
        {
          "current_key": "AIzaSyBNtMQYVhy0USH1PogHq1i0DvwLFk5tewA"
        }
      ],
      "services": {
        "appinvite_service": {
          "other_platform_oauth_client": [
            {
              "client_id": "404315775717-l9bjjh1fjo9ojluv9kift77j11lh304f.apps.googleusercontent.com",
              "client_type": 3
            }
          ]
        }
      }
    },
    {
      "client_info": {
        "mobilesdk_app_id": "1:404315775717:android:8b2f79c61cb7a83f596a0c",
        "android_client_info": {
          "package_name": "com.emst.cours.NearbuyUser"
        }
      },
      "oauth_client": [
        {
          "client_id": "404315775717-l9bjjh1fjo9ojluv9kift77j11lh304f.apps.googleusercontent.com",
          "client_type": 3
        }
      ],
      "api_key": [
        {
          "current_key": "AIzaSyBNtMQYVhy0USH1PogHq1i0DvwLFk5tewA"
        }
      ],
      "services": {
        "appinvite_service": {
          "other_platform_oauth_client": [
            {
              "client_id": "404315775717-l9bjjh1fjo9ojluv9kift77j11lh304f.apps.googleusercontent.com",
              "client_type": 3
            }
          ]
        }
      }
    }
  ],
  "configuration_version": "1"
}